,menu_id,price,restaurant_id,name,ranking,created_at,updated_at,image_url
492,492,10000,54,판모밀,,,,
493,493,30000,54,점심정식,,,,
494,494,30000,54,새우튀김,,,,
495,495,15000,54,전복죽,,,,
496,496,15000,54,알탕,,,,
497,497,20000,54,생대구탕 지리,,,,
498,498,60000,54,코마찌 사시미코스,,,,
531,531,55000,59,제주 모듬 근고기 600g,,,,
532,532,16000,59,제주특갈매기살 1인분,,,,
533,533,15000,59,제주 통삼겹살 1인분,,,,
534,534,15000,59,제주 통목살 1인분,,,,
535,535,17000,59,제주 특항정살 1인분,,,,
568,568,8500,63,옛날통닭 한마리,,,,
569,569,16000,63,옛날통닭 두마리,,,,
570,570,10500,63,양념통닭,,,,
571,571,16500,63,싹쓰리순살세트 V1,,,,
572,572,16500,63,싹쓰리순살세트 V2,,,,
573,573,8500,63,순살후라이드,,,,
574,574,9000,63,양념닭강정,,,,
575,575,10500,63,깐풍통닭,,,,
576,576,9000,63,마간장닭강정,,,,
577,577,9000,63,깐풍닭강정,,,,
578,578,9000,63,눈꽃치즈순살치킨,,,,
579,579,9000,63,청양마요순살치킨,,,,
580,580,9000,63,핫불순살치킨,,,,
581,581,9000,63,어니언마요순살치킨,,,,
582,582,9000,63,허니순살치킨,,,,
631,631,20000,70,생합탕,,,,
632,632,35000,70,갑오징어숙회,,,,
633,633,65000,70,삼합,,,,
699,699,23000,82,소곱창,,,,
700,700,23000,82,소막창,,,,
701,701,23000,82,소대창,,,,
702,702,22000,82,모듬구이,,,,
703,703,56000,82,소곱창전골 중,,,,
704,704,41000,82,소곱창전골 소,,,,
705,705,15000,82,염통,,,,
706,706,10000,82,간/천엽,,,,
781,781,25000,89,양갈비,,,,
782,782,20000,89,사각갈비,,,,
783,783,10000,89,양볶음밥,,,,
784,784,10000,89,된장짜글이,,,,
1240,1242,13000,183,평양냉면,,,,
1241,1243,69000,183,한우 어복쟁반 대,,,,
1242,1244,49000,183,한우 어복쟁반 중,,,,
1243,1245,24000,183,특수모듬제육,,,,
1244,1246,17000,183,온반,,,,
1245,1247,13000,183,비빔냉면,,,,
3154,3166,20000,412,육회,,,,
3155,3167,26000,412,육사시미,,,,
3156,3168,22000,412,아롱사태전골,,,,
3157,3169,32000,412,육회+육사시미,,,,
3166,3178,7000,415,닭칼국수,,,,
3167,3179,7000,415,멸치칼국수,,,,
3168,3180,8000,415,바지락 칼국수,,,,
3169,3181,8000,415,콩국수,,,,
3170,3182,8000,415,열무냉면,,,,
3171,3183,7000,415,김치전,,,,
3172,3184,10000,415,김치600g,,,,
3512,3528,14000,459,양꼬치,,,,
3513,3529,15000,459,중국식탕수육,,,,
3514,3530,14000,459,지삼선,,,,
3515,3531,14000,459,토마토계란볶음,,,,
3516,3532,13000,459,부추계란볶음,,,,
3610,3626,9000,478,떡만두국,,,,
3611,3627,9000,478,만두국,,,,
3612,3628,14000,478,갈비탕,,,,
3613,3629,7000,478,만두 (한판),,,,
3614,3630,66000,478,소갈비찜(대)+탕국물+김치볶음밥,,,,
3615,3631,54000,478,소갈비찜(중)+탕국물+김치볶음밥,,,,
3616,3632,43000,478,소갈비찜(소)+탕국물+김치볶음밥,,,,
3617,3633,11000,478,함흥 회냉면+열무+무채,,,,
3618,3634,10000,478,함흥 비빔냉면+열무+무채,,,,
3619,3635,10000,478,함흥 물냉면+열무+무채,,,,
3785,3801,8000,496,해물순두부,,,,
3786,3802,8000,496,치즈순두부,,,,
3787,3803,10000,496,굴순두부,,,,
3788,3804,10000,496,돼지불백,,,,
3789,3805,11000,496,주꾸미정식,,,,
3790,3806,30000,496,옛날소불고기(소),,,,
3791,3807,43000,496,옛날소불고기(중),,,,
3792,3808,55000,496,옛날소불고기(대),,,,
3793,3809,16000,496,굴파전,,,,
3794,3810,19000,496,소갈비살,,,,
3795,3811,45000,496,불낙전골(중),,,,
3796,3812,55000,496,불낙전골(대),,,,
3816,3832,6500,499,빅버거세트,,,,
3817,3833,17900,499,새우순살 후라이드,,,,
3818,3834,16000,499,오미치킨,,,,
3819,3835,15000,499,옛날치킨,,,,
3820,3836,19000,499,눈꽃오미치킨,,,,
3821,3837,17000,499,오미갈릭치킨,,,,
3822,3838,15000,499,크리스피 후라이드치킨,,,,
3823,3839,17000,499,땡초오미치킨,,,,
3824,3840,16000,499,세대공감 양념치킨,,,,
3825,3841,5600,499,불고기버거세트,,,,
3826,3842,5600,499,새우버거세트,,,,
3827,3843,6500,499,레드빅버거세트,,,,
3828,3844,6300,499,불고기해쉬버거세트,,,,
3829,3845,5900,499,통살치킨버거세트,,,,
3830,3846,6500,499,허니갈릭빅버거세트,,,,
3984,4000,35000,528,도다리세꼬시,,,,
3985,4001,40000,528,도다리회,,,,
3986,4002,25000,528,광어회,,,,
3987,4003,22000,528,광어세꼬시,,,,
3988,4004,30000,528,우럭회,,,,
4089,4111,6500,547,가정식백반,,,,
4090,4112,7000,547,김치찌개,,,,
4091,4113,7000,547,된장찌개,,,,
4092,4114,7000,547,비빔밥,,,,
4093,4115,7000,547,해물순두부,,,,
4094,4116,7000,547,청국장찌개,,,,
4095,4117,7000,547,돌솥비빔밥,,,,
4096,4118,9000,547,제육볶음,,,,
4097,4119,8000,547,뚝불고기,,,,
4098,4120,8000,547,육계장,,,,
4099,4121,8000,547,차돌된장찌개,,,,
4100,4122,9000,547,오징어볶음,,,,
4101,4123,7000,547,콩국수,,,,
4102,4124,13000,547,대패삼겹살(안주류),,,,
4103,4125,14000,547,삼겹살(안주류),,,,
4798,4826,50000,632,국선 Set(45ps),,,,
4799,4827,40000,632,국 Set(40ps),,,,
4800,4828,30000,632,선 Set(30ps),,,,
4801,4829,20000,632,혼술 Set(20ps),,,,
4802,4830,25000,632,참다랑어 가마도로(5ps),,,,
4803,4831,25000,632,참다랑어 배꼽살(5ps),,,,
4804,4832,20000,632,참다랑어 오도로(5ps),,,,
4805,4833,15000,632,참다랑어 주도로(5ps),,,,
4806,4834,10000,632,수도메카도로 배꼽살(5ps),,,,
4807,4835,20000,632,참다랑어 배꼽초밥(4ps),,,,
4808,4836,15000,632,국선초밥(12ps),,,,
4809,4837,8000,632,수도메카배꼽초밥(4ps),,,,
4810,4838,6000,632,국선초밥(5ps),,,,
4861,4889,18000,639,돼지왕갈비,,,,
4862,4890,16000,639,생삼겹살,,,,
4863,4891,16000,639,생목살,,,,
4864,4892,45000,639,생등심,,,,
4865,4893,36000,639,소갈비,,,,
4866,4894,62000,639,오리한마리,,,,
6348,6377,25900,830,VIP스페셜초밥 32P,,,,
6349,6378,32900,830,커플초밥세트2,,,,
6350,6379,12900,830,최상급육회 180g,,,,
6351,6380,19900,830,최상급생연어180g,,,,
6352,6381,6900,830,육회비빔밥,,,,
6353,6382,8500,830,돈까스,,,,
6354,6383,8500,830,혼밥유부세트,,,,
6355,6384,14400,830,혼밥초밥세트,,,,
6356,6385,17500,830,스페셜초밥 18P,,,,
6357,6386,24500,830,커플초밥세트1,,,,
6358,6387,15900,830,골뱅이소면무침,,,,
6359,6388,15900,830,육회소면무침,,,,
6360,6389,19900,830,육회골뱅이소면,,,,
6361,6390,16900,830,최상급매운불육회180g+타코와사비30,,,,
6362,6391,13900,830,최상급매운불육회180g,,,,
7119,7207,22000,905,소금 통 등갈비(반쪽 단품 [1.5인분]),,,,
7120,7208,25000,905,소금 통 등갈비(반쪽 세트 [빵2+콜라]),,,,
7121,7209,38000,905,소금 통 등갈비(한쪽 단품 [2~3인분]),,,,
7122,7210,43000,905,소금 통 등갈비(한쪽 세트 [빵4+콜라]),,,,
7123,7211,23000,905,바베큐 통 등갈비(반쪽 단품 [1.5인분]),,,,
7124,7212,53000,905,소금 왕 등갈비(단품),,,,
7125,7213,62000,905,소금 왕 등갈비(세트),,,,
7126,7214,56000,905,바베큐 왕 등갈비(단품[4~5인분]),,,,
7127,7215,65000,905,바베큐 왕 등갈비(세트[빵6+음료2]),,,,
7128,7216,57000,905,매콤 왕 등갈비(단품[4~5인분]),,,,
7129,7217,11000,905,맛보기 등갈비(소금맛),,,,
7130,7218,11500,905,맛보기 등갈비(바베큐맛),,,,
7131,7219,12000,905,맛보기 등갈비(매콤맛),,,,
7132,7220,12000,905,맛보기 등갈비(마라맛),,,,
7133,7221,18000,905,통 등갈비(소금구이_반쪽),,,,
7391,7479,29000,935,어린양갈비스테이크,,,,
7392,7480,24000,935,후토마끼,,,,
7393,7481,15000,935,상하이파스타,,,,
7394,7482,15000,935,명란크림파스타,,,,
8238,8332,27000,1048,생고기 김치찌개(),,,,
8239,8333,36000,1048,닭볶음탕(),,,,
8240,8334,27000,1048,동태탕(),,,,
8265,8359,70000,1053,능이 한방 오리백숙 (한마리),,,,
8266,8360,17000,1053,능이 한방 삼계탕,,,,
8267,8361,70000,1053,능이 한방 토종 닭 백숙 (한마리),,,,
8268,8362,60000,1053,토종 닭 볶음탕 (한마리),,,,
8269,8363,16000,1053,들깨 삼계탕,,,,
8270,8364,12000,1053,해물 청양 부추전,,,,
8271,8365,42000,1053,능이 오리 백숙 반마리,,,,
8769,8863,10500,1096,[최고인기]돈까스(등심),,,,
8770,8864,13000,1096,치즈돈까스,,,,
8771,8865,8000,1096,쫄면,,,,
8772,8866,10500,1096,생선까스[동태살],,,,
8773,8867,13000,1096,모둠까스2,,,,
8774,8868,10500,1096,매운돈까스(등심),,,,
8775,8869,14000,1096,왕돈까스[배부름주의],,,,
8776,8870,14000,1096,매운왕돈까스[배부름주의],,,,
8777,8871,10000,1096,오므라이스,,,,
8778,8872,10000,1096,김치볶음밥,,,,
8779,8873,8000,1096,우동,,,,
8780,8874,9000,1096,냉모밀,,,,
9113,9207,12000,1136,"A.쌀국수+짜조+월남쌈1개 (pho, nem, goi)",,,,
9114,9208,21000,1136,B.쌀국수+반미+월남쌈2개,,,,
9115,9209,21000,1136,C.쌀국수+해물 볶음밥+짜조 2개,,,,
9116,9210,21000,1136,D.쌀국수+새우덮밥+새우볼4개,,,,
9117,9211,24000,1136,E.분짜+쌀국수+짜조2개,,,,
9118,9212,12000,1136,분타이 (매운 해물 쌀국수) Bun Thai,,,,
9119,9213,10000,1136,모듬쌀국수 Pho Thap Cam,,,,
9120,9214,11000,1136,분버후에 Bun Bo Hue,,,,
9121,9215,11900,1136,분짜 Bun Thit Nuong(조리),,,,
9122,9216,11900,1136,분짜 Bun Thit Nuong(비조리),,,,
9123,9217,8000,1136,고기 반미 Banh My Thit,,,,
9124,9218,7500,1136,반미 바대,,,,
9125,9219,11000,1136,스테이크빵 Bo ne,,,,
9126,9220,15000,1136,해산물 샐러드,,,,
9127,9221,13000,1136,치킨 샐러드 NOM Ga,,,,
9128,9222,9000,1136,김치볶음밥 Com Rang Dua Bo,,,,
9129,9223,9000,1136,해산물볶음밥(매운맛) Com Rang Hai San,,,,
9130,9224,9000,1136,새우덮밥 Com Tom Rim,,,,
9131,9225,9000,1136,치킨밥 Com Ga,,,,
9132,9226,9000,1136,소이까(치킨 찹쌀) Xoi Ga,,,,
9133,9227,7000,1136,짜조 RAM(4개),,,,
9134,9228,6000,1136,새우볼 튀김 TOM Vien Chien(5개),,,,
9135,9229,6000,1136,월남쌈 3개 Goi Cuon,,,,
9136,9230,15000,1136,오징어 튀김,,,,
9137,9231,14000,1136,마른 오징어 구이 Muc Nuong,,,,
9138,9232,15000,1136,새우 맥주찜 tom hap,,,,
9139,9233,15000,1136,새우 버터마늘 볶음 Tom Sot Bo Toi,,,,
9140,9234,15000,1136,내장 김치 볶음( long xao dua),,,,
9141,9235,44000,1136,타이 샤브샤브 Lau Thai,,,,
9142,9236,37000,1136,내장 샤브샤브 Lau Long,,,,
9143,9237,32000,1136,치킨 샤브샤브 Lau Ga,,,,
9651,9757,22800,1191,오마카세 7꼬치 코스,,,,
9652,9758,17800,1191,오마카세 5꼬치 코스,,,,
9653,9759,12800,1191,오마카세 3꼬치 코스,,,,
9781,9887,53000,1215,불낙볶음 특,,,,
9782,9888,38000,1215,불낙볶음 중,,,,
9783,9889,28000,1215,불낙볶음 소,,,,
9791,9897,5500,1217,철판순살볶음밥,,,,
9792,9898,5500,1217,철판해물볶음밥,,,,
9793,9899,9500,1217,닭갈비,,,,
9794,9900,23000,1217,닭볶음탕,,,,
9795,9901,19000,1217,물닭갈비 2인,,,,
9796,9902,26000,1217,물닭갈비 3인,,,,
9797,9903,33000,1217,물닭갈비 4인,,,,
9798,9904,6000,1217,막국수,,,,
9799,9905,6000,1217,"냉면(물,비빔)",,,,
9800,9906,8000,1217,계란말이,,,,
10870,11003,2800,1346,플레인베이글,,,,
10871,11004,6500,1346,에그마요샌드위치,,,,
10872,11005,6500,1346,HLT샌드위치,,,,
10873,11006,3000,1346,참깨베이글,,,,
10874,11007,4000,1346,단팥크림치즈베이글,,,,
10875,11008,3500,1346,시나몬브륄레베이글,,,,
10876,11009,4500,1346,올리브페퍼로니베이글,,,,
10877,11010,4500,1346,할라피뇨치즈베이글,,,,
10878,11011,4500,1346,콘치즈베이글,,,,
10879,11012,4500,1346,치즈소세지베이글,,,,
10880,11013,4000,1346,갈릭어니언,,,,
10881,11014,3500,1346,블루베리베이글,,,,
10882,11015,3500,1346,얼그레이베이글,,,,
10883,11016,4700,1346,더블치즈,,,,
10884,11017,3000,1346,바질베이글,,,,
11075,11208,2800,1368,아메리카노,,,,
11076,11209,2200,1368,마들렌,,,,
11077,11210,3500,1368,민트초코머핀,,,,
11078,11211,5500,1368,레드벨벳케이크,,,,
11447,11580,4000,1396,바나나브레드(1pc),,,,
11448,11581,8000,1396,그롤리샌드위치 (변동),,,,
11449,11582,8500,1396,토마토바질 샌드위치,,,,
11450,11583,3900,1396,클래식햄치즈,,,,
11451,11584,4500,1396,에그포테이토,,,,
11452,11585,5800,1396,콜드브루 크림커피,,,,
11453,11586,4000,1396,아메리카노,,,,
11454,11587,5000,1396,바닐라라떼,,,,
11455,11588,4000,1396,숏라떼(Iced only),,,,
11456,11589,4500,1396,카페라떼,,,,
11457,11590,4500,1396,카푸치노,,,,
11458,11591,5800,1396,바나나청 우유,,,,
11459,11592,5500,1396,쑥라떼,,,,
11460,11593,4500,1396,밀크티,,,,
11461,11594,4500,1396,초코라떼,,,,
12092,12225,4500,1468,리츠블랜드,,,,
12093,12226,3500,1468,아메리카노,,,,
12094,12227,3000,1468,에스프레소,,,,
12095,12228,5000,1468,싱글오리진,,,,
12096,12229,4000,1468,까페라떼,,,,
12097,12230,4300,1468,바닐라 라떼,,,,
12098,12231,4300,1468,해즐넛 라떼,,,,
12099,12232,4500,1468,까페모카,,,,
12100,12233,4500,1468,카라멜 마끼아또,,,,
12101,12234,4500,1468,카라멜 프라푸치노,,,,
12102,12235,4000,1468,레몬에이드,,,,
12103,12236,4000,1468,자몽에이드,,,,
12104,12237,4000,1468,핫초쿄,,,,
12105,12238,4000,1468,아이스 초코,,,,
12106,12239,4000,1468,플레인 요거트 스무디,,,,
12225,12358,4000,1475,스페셜티_아메리카노,,,,
12226,12359,4500,1475,스페셜티_카페라떼,,,,
12227,12360,5000,1475,바닐라빈라떼,,,,
12228,12361,4500,1475,콜드브루,,,,
12229,12362,5000,1475,콜드브루라떼,,,,
12410,12543,13900,1484,그릴드쉬림프샐러드,,,,
12411,12544,13900,1484,그릴드불고기샐러드,,,,
12412,12545,11900,1484,리코타치즈샐러드,,,,
12413,12546,10900,1484,닭가슴살샐러드,,,,
12414,12547,7900,1484,과일야채샐러드,,,,
12415,12548,4700,1484,치킨텐더샌드위치half,,,,
12416,12549,4200,1484,에그햄치즈샌드위치half,,,,
12417,12550,3700,1484,햄치즈샌드위치half,,,,
12418,12551,4700,1484,와사비크래미샌드위치half,,,,
12419,12552,4700,1484,치즈소불고기샌드위치 half,,,,
12420,12553,4300,1485,호아브파운드케이크,,,,
12421,12554,4700,1485,블랙아인슈페너,,,,
12422,12555,2500,1485,얼그레이마들렌,,,,
12423,12556,4300,1485,블루베리파운드케이크,,,,
12424,12557,3500,1485,아메리카노,,,,
12425,12558,3500,1485,에스프레소,,,,
12426,12559,4000,1485,사케라또,,,,
12427,12560,4000,1485,카페라떼,,,,
12428,12561,4000,1485,카푸치노,,,,
12429,12562,4500,1485,카라멜 마키아또,,,,
12430,12563,4500,1485,바닐라라떼,,,,
12431,12564,5000,1485,라즈베리에이드,,,,
12432,12565,5000,1485,블루베리에이드,,,,
12433,12566,5000,1485,레몬에이드,,,,
12434,12567,5000,1485,자몽에이드,,,,
12435,12568,5500,1487,흑임자크림라떼,,,,
12436,12569,2500,1487,아메리카노HOT/ICE,,,,
12437,12570,4000,1487,카페라떼HOT/ICE,,,,
12438,12571,4500,1487,바닐라라떼HOT/ICE,,,,
12439,12572,4500,1487,카페모카HOT/ICE,,,,
12440,12573,4500,1487,카라멜마끼야토,,,,
12441,12574,5000,1487,비엔나아메리카노,,,,
12442,12575,5000,1487,요거트스무디,,,,
12443,12576,5500,1487,자두에이드,,,,
12444,12577,5500,1487,코코넛크림라떼,,,,
12641,12774,4400,1502,카페라떼(hot/ice),,,,
12642,12775,5900,1502,생강 라떼(hot),,,,
12643,12776,3800,1502,moon머랭,,,,
12644,12777,5900,1502,딸기라떼,,,,
12645,12778,3900,1502,에스프레소,,,,
12646,12779,3900,1502,아메리카노(hot/ice),,,,
12647,12780,4900,1502,찐 바닐라 라떼(hot/ice),,,,
12648,12781,4900,1502,헤이즐럿 라떼(hot/ice),,,,
12649,12782,5400,1502,카페모카(hot/ice),,,,
12650,12783,5400,1502,카라멜마끼야또(hot/ice),,,,
12651,12784,1000,1502,리필,,,,
12652,12785,4400,1502,녹차라떼,,,,
12653,12786,4400,1502,초코라떼 (hot/ice),,,,
12654,12787,4400,1502,녹차,,,,
12875,13008,4500,1515,아메리카노,,,,
12876,13009,4500,1515,카페라떼,,,,
12877,13010,4500,1515,플랫화이트,,,,
12878,13011,6500,1515,로투스 크림 라떼,,,,
12879,13012,6500,1515,오렌지 크림 라떼,,,,
13123,13256,3500,1556,아메리카노,,,,
13124,13257,5000,1556,그린티라떼,,,,
13125,13258,4000,1556,카페라떼,,,,
13126,13259,4000,1556,카푸치노,,,,
13127,13260,5000,1556,아포가토,,,,
13128,13261,5000,1556,아인슈페너,,,,
13129,13262,5000,1556,크림라떼,,,,
13130,13263,5000,1556,아몬드라떼,,,,
13131,13264,5000,1556,초콜렛라떼,,,,
13132,13265,6000,1556,바스크 치즈케이크,,,,
13133,13266,6500,1556,녹차 치즈케이크,,,,
13134,13267,1500,1556,쿠키,,,,
13144,13277,3400,1567,카푸치노,,,,
13145,13278,3400,1567,바닐라라떼,,,,
13146,13279,3200,1567,카페라떼,,,,
13147,13280,2200,1567,아메리카노,,,,
13148,13281,4500,1567,민트오레오초코,,,,
13149,13282,4500,1567,초코 생크림라떼,,,,
13150,13283,4500,1567,오레오초코,,,,
13665,13798,1000,1641,"스타시티,트리마제,갤러리아포레",,,,
13666,13799,1000,1641,"워커힐, 생각공장, 테크노마트",,,,
13667,13800,2000,1641,서울숲 아크로포레스트,,,,
13668,13801,9500,1641,후르츠산도(1개),,,,
13669,13802,7900,1641,[얼그레이 케이크](1조각),,,,
13670,13803,4500,1641,카야 고메버터 토스트(1인분(4조각)),,,,
13671,13804,13000,1641,(산도와 커피) 산도세트 A(아메리카노(16oz)),,,,
13672,13805,13800,1641,(산도와 커피) 산도세트 A(카페라떼(16oz)),,,,
13673,13806,14000,1641,(산도와 커피) 산도세트 A(바닐라라떼(16oz)),,,,
13674,13807,15000,1641,(산도와 착즙주스) 산도세트 B(계절주스),,,,
13675,13808,15000,1641,달콤한 산도 도시락(기본),,,,
13676,13809,15500,1641,빵빵한 산도 도시락(기본),,,,
13677,13810,6900,1641,설향딸기 라떼(1잔),,,,
13678,13811,6900,1641,설향딸기 요거트스무디(1잔),,,,
13679,13812,5900,1641,겨울엔)) 신상 군고구마 라떼(1잔),,,,
13680,13813,5900,1641,비타민 가득 충전 수제 레몬티(HOT),,,,
13681,13814,5900,1641,비타민 가득 충전 수제 레몬티(ICE),,,,
13682,13815,6900,1641,딸기사랑 음료(딸기로만 갈아 만든 주스),,,,
13683,13816,6900,1641,딸기사랑 음료(달달 딸기 우유 라떼),,,,
13684,13817,6900,1641,딸기사랑 음료(톡쏘는 딸기에이드),,,,
13685,13818,6900,1641,딸기사랑 음료(새콤달콤 딸기요거트 스무디),,,,
13686,13819,6500,1641,로얄블렌드 밀크티 (Royal blend)(1잔),,,,
13687,13820,5000,1641,포트넘앤 메이슨 블랙티(Afternoon tea),,,,
13688,13821,5000,1641,포트넘앤 메이슨 블랙티(Queen anne),,,,
13689,13822,5000,1641,포트넘앤 메이슨 블랙티(Classic earl grey),,,,
13690,13823,5500,1641,카야더블햄치즈토스트(1인분(4조각)),,,,
13691,13824,2500,1641,핸드메이드 (Jelly~ Oranda)젤리~오란다(1개),,,,
13692,13825,5000,1641,핸드메이드 (Jelly~ Oranda)젤리~오란다(2개),,,,
13693,13826,6500,1641,[상큼한 라즈베리 타르트](1개),,,,
13694,13827,7000,1641,+[벨지움 초코무스 케이크]+(1조각),,,,
13695,13828,7000,1641,+[시카고치즈케이크]+(1조각),,,,
13696,13829,4500,1641,헤즐넛 아메리카노(1잔),,,,
13697,13830,5000,1641,헤즐넛 라떼(1잔),,,,
13698,13831,5500,1641,기라델리 카카오 카페모카,,,,
13699,13832,3500,1641,아메리카노(1잔/ 2샷),,,,
13700,13833,4800,1641,카페라떼(1잔/ 2샷),,,,
13701,13834,6600,1641,1리터 펜타샷커피(아메리카노),,,,
13702,13835,8300,1641,1리터 펜타샷커피(카페라떼),,,,
13703,13836,9300,1641,1리터 펜타샷커피(바닐라라떼),,,,
13704,13837,5500,1641,(민트와초코에 진심인편) 프라페(민트초코 프라페),,,,
13705,13838,5500,1641,(민트와초코에 진심인편) 프라페(자바칩 프라페),,,,
13706,13839,5500,1641,유기농 제주 말차라떼(1잔),,,,
13707,13840,5500,1641,기라델리 코코아 라떼(1잔),,,,
13708,13841,5500,1641,Yo~Yo 요거트 스무디(플레인 요거트 스무디),,,,
13709,13842,6500,1641,(여름엔)산호섬 레모네이드(1잔),,,,
13710,13843,6500,1641,트리플 피치 아이스티/트와이닝 홍차(1인분),,,,
13711,13844,6500,1641,자몽톡톡에이드(1인분),,,,
13712,13845,6400,1641,골드파인애플 주스(1잔),,,,
13729,13862,2500,1646,크로플,,,,
13730,13863,4500,1646,밀크크레이프,,,,
13731,13864,4500,1646,바스크치즈케이크,,,,
13732,13865,2800,1646,치즈크로플,,,,
13733,13866,2500,1646,마카다미아쿠키,,,,
13734,13867,2500,1646,초콜릿 칩 쿠키,,,,
13735,13868,4500,1646,오레오 초코 프라페,,,,
13736,13869,4500,1646,콜드브루 커피프라페,,,,
13737,13870,4500,1646,자바칩프라페,,,,
13738,13871,4500,1646,민트초코 프라페,,,,
13739,13872,4500,1646,달고나 콜드브루라떼,,,,
13740,13873,3500,1646,돌체 콜드브루라떼,,,,
13741,13874,3000,1646,인크레더불,,,,
13742,13875,3500,1646,로얄밀크티,,,,
13743,13876,3500,1646,레몬밤 민트티,,,,
13895,14028,2800,1657,아메리카노,,,,
13896,14029,5500,1657,바닐라라떼,,,,
13897,14030,4000,1657,소금버터베이글,,,,
13898,14031,4800,1657,카페라떼,,,,
13899,14032,3000,1657,플레인 베이글,,,,
13900,14033,3300,1657,참깨베이글,,,,
13901,14034,3500,1657,통밀베이글,,,,
13902,14035,5800,1657,소금 버터 프레첼 베이글,,,,
13903,14036,8500,1657,대파 크림치즈 베이컨 베이글,,,,
13904,14037,3500,1658,아메리카노,,,,
13905,14038,4500,1658,카페라떼,,,,
13906,14039,3300,1658,에스프레소,,,,
13907,14040,4500,1658,카푸치노,,,,
13908,14041,5000,1658,바닐라라떼,,,,
13909,14042,5000,1658,헤이즐넛라떼,,,,
13910,14043,5000,1658,카라멜마끼아또,,,,
13911,14044,5500,1658,아포가토,,,,
13912,14045,5000,1658,카페모카,,,,
13913,14046,5000,1658,연유라떼,,,,
13914,14047,5000,1658,콜드브루,,,,
13950,14083,4800,1667,생자몽에이드,,,,
13951,14084,3500,1667,아메리카노(마일드),,,,
13952,14085,3500,1667,아메리카노(밸런스),,,,
13953,14086,4500,1667,크로플,,,,
13954,14087,5000,1667,요거트프라페(플레인/망고딸기블루베리),,,,
13955,14088,5000,1667,수제대추차,,,,
13956,14089,4700,1667,유자차,,,,
13957,14090,5500,1667,자몽꿀차,,,,
13958,14091,4500,1667,레몬꿀차,,,,
13959,14092,4800,1667,생레몬에이드,,,,
13960,14093,4800,1667,요거트(플레인ㆍ오디ㆍ딸기ㆍ블루베리),,,,
13961,14094,4800,1667,흑임자미숫가루라떼,,,,
13962,14095,4300,1667,초코라떼,,,,
13963,14096,4800,1667,딸기라떼,,,,
13964,14097,4500,1667,말차라떼,,,,
13988,14121,3300,1673,황치즈 휘낭시에,,,,
13989,14122,3300,1673,바질 휘낭시에,,,,
13990,14123,2800,1673,레몬 마들렌,,,,
13991,14124,3200,1673,무화과 크림치즈 휘낭시에,,,,
13992,14125,3000,1673,바닐라 휘낭시에,,,,
13993,14126,3000,1673,쑥낭시에,,,,
13994,14127,3200,1673,츄러스 휘낭시에,,,,
13995,14128,2800,1673,말차초코 마들렌,,,,
13996,14129,4300,1673,약과쿠키,,,,
13997,14130,4300,1673,딸기쿠키,,,,
13998,14131,4300,1673,돼지바쿠키,,,,
13999,14132,4300,1673,더블초코쿠키,,,,
14000,14133,4300,1673,황치즈쿠키,,,,
14001,14134,4300,1673,말차초코쿠키,,,,
14002,14135,5000,1673,헤이즐넛 리얼 초코 퍼지 브라우니,,,,
14015,14148,4300,1679,쿠키,,,,
14016,14149,4000,1679,아메리카노,,,,
14017,14150,5000,1679,연유라떼,,,,
14018,14151,6000,1679,수제딸기라떼,,,,
14019,14152,6000,1679,말차라떼,,,,
14020,14153,6000,1679,미숫가루라떼,,,,
14021,14154,4000,1679,복숭아아이스티,,,,
14022,14155,4500,1679,카페라떼,,,,
14023,14156,5000,1679,바닐라라떼,,,,
14024,14157,5000,1679,헤이즐넛라떼,,,,
14025,14158,6000,1679,수제레몬에이드,,,,
14026,14159,6000,1679,청포도에이드,,,,
14027,14160,5000,1679,수제레몬티,,,,
14028,14161,4500,1679,생강차,,,,
14029,14162,4500,1679,얼그레이티,,,,
14100,14233,2300,1681,크림와플,,,,
14101,14234,2900,1681,애플 시나몬 와플,,,,
14102,14235,4500,1681,딸기 누텔라 와플,,,,
14103,14236,5000,1681,초코범벅 젤라또 와플,,,,
14104,14237,3800,1681,바나나 와플,,,,
14105,14238,5300,1681,오레오 누텔라 젤라또 와플,,,,
14273,14406,13900,1649,생딸기 빙수,,,,
14274,14407,12000,1649,망고 빙수,,,,
14275,14408,13900,1649,딸기요거트 빙수,,,,
14276,14409,13900,1649,메론 빙수,,,,
14277,14410,13900,1649,수박 빙수,,,,
14278,14411,11000,1649,인절미 팥빙수,,,,
14279,14412,12000,1649,오레오 초코빙수,,,,
14280,14413,11000,1649,디아블로 초코빙수,,,,
14281,14414,6500,1649,생딸기 우유,,,,
14282,14415,6000,1649,초코당,,,,
14283,14416,6900,1649,수박 주스,,,,
14284,14417,6500,1649,바나나 주스,,,,
14285,14418,3800,1649,아메리카노,,,,
14286,14419,4500,1649,복숭아 아이스티,,,,
14287,14420,4500,1649,슈퍼프레쉬티,,,,
14816,14949,8200,1783,금귤 타르트,,,,
14817,14950,8300,1783,베리 프레지에,,,,
14818,14951,5800,1783,봄 쑥 쉬폰산도,,,,
14819,14952,6200,1783,초코 딸기 쉬폰 산도,,,,
14820,14953,3200,1783,카스테라 휘낭시에,,,,
14821,14954,3100,1783,꿀고구마 휘낭시에,,,,
14822,14955,2900,1783,올리브 후추 휘낭시에,,,,
14823,14956,2900,1783,모카 휘낭시에,,,,
14824,14957,2900,1783,초코 라즈베리 마들렌,,,,
14825,14958,2800,1783,호지 마들렌,,,,
14866,15014,3300,1789,츄러스 휘낭시에,,,,
14867,15015,3500,1789,더블 바닐라 마들렌,,,,
14868,15016,4500,1789,블루베리 스콘,,,,
14869,15017,3300,1789,누네띠네 휘낭시에,,,,
14870,15018,3300,1789,카라멜 휘낭시에,,,,
14871,15019,3000,1789,클래식 휘낭시에,,,,
14872,15020,2800,1789,흑임자마들렌,,,,
14873,15021,2800,1789,레몬마들렌,,,,
14874,15022,2800,1789,밀키 마들렌,,,,
14875,15023,4500,1789,딸기 스콘,,,,
14876,15024,4500,1789,옥수수스콘,,,,
14877,15025,4300,1789,오레오스콘,,,,
14878,15026,4300,1789,로투스스콘,,,,
15356,15504,3500,1848,아메리카노(HOT),,,,
15357,15505,5000,1848,카페모카,,,,
15358,15506,5000,1848,카푸치노,,,,
15359,15507,5000,1848,녹차프라페,,,,
15360,15508,5000,1848,마끼야또,,,,
16003,16151,2500,1929,레몬 워터 ice/hot,,,,
16004,16152,3500,1929,레몬 블랙티 ice/hot,,,,
16005,16153,3500,1929,레몬 우롱티 ice/hot,,,,
16006,16154,4500,1929,오렌지 우롱티 ice/hot,,,,
16007,16155,4500,1929,오렌지 화이트펄 딸기 우롱티 ice/hot,,,,
16008,16156,3800,1929,오리지널 밀크티 ice/hot,,,,
16009,16157,4500,1929,단팥 밀크티 ice/hot,,,,
16010,16158,4500,1929,흑당 밀크티(펄 있음) ice/hot,,,,
16011,16159,4500,1929,블랙 밀크티(펄 있음) ice/hot,,,,
16012,16160,4500,1929,쟈스민 밀크티(펄있음) ice/hot,,,,
16013,16161,2500,1929,아메리카노 ice/hot,,,,
16014,16162,3700,1929,카페라떼 ice/hot,,,,
16015,16163,3500,1929,래몬 아메리카노 ice/hot,,,,
16016,16164,4200,1929,아이스크림 라떼 ice,,,,
16017,16165,4800,1929,흑당 버블 라떼 ice/hot,,,,
16018,16166,4800,1929,양즈깐루 스무디 ice,,,,
16019,16167,4800,1929,녹차 스무디 ice,,,,
16020,16168,4800,1929,망고 스무디 ice,,,,
16021,16169,4000,1929,망고 쉐이크 ice,,,,
16022,16170,4000,1929,딸기 쉐이크 ice,,,,
16023,16171,3500,1929,딸기 에이드 ice,,,,
16024,16172,3500,1929,레몬 에이드 ice,,,,
16025,16173,3500,1929,수박 에이드 ice,,,,
16026,16174,3500,1929,자몽 에이드 ice,,,,
16027,16175,5500,1929,파인애플 요구르트 에이드 ice,,,,
16028,16176,4500,1929,오렌지 요구르트 ice,,,,
16029,16177,5500,1929,자몽 요구르트 ice,,,,
16030,16178,5500,1929,딸기 화이트펄 요구르트 ice,,,,
16031,16179,5500,1929,패션후르츠 요구르트 우롱티 ice,,,,
16032,16180,6300,1930,가나슈타르트,,,,
16033,16181,6000,1930,에그타르트,,,,
16034,16182,9000,1930,빈티지 체다치즈 크로플,,,,
16035,16183,7500,1930,메이플시럽 크로플,,,,
16036,16184,5400,1930,카페라떼,,,,
16086,16234,6000,1939,솔트크림라떼,,,,
16087,16235,6000,1939,잠봉뵈르 샌드위치,,,,
16088,16236,4500,1939,고구마라떼,,,,
16089,16237,4500,1939,에그 샌드위치,,,,
16090,16238,4500,1939,카야햄치즈 샌드위치,,,,
16091,16239,2500,1939,초코 마들렌,,,,
16092,16240,2000,1939,버터 휘낭시에,,,,
16093,16241,3500,1939,플레인 스콘,,,,
16094,16242,3500,1939,소금빵,,,,
16095,16243,2500,1939,아메리카노,,,,
17568,17716,3800,2135,아메리카노,,,,
17569,17717,4500,2135,카페라떼,,,,
17570,17718,5000,2135,초코우유,,,,
17571,17719,2500,2135,초코칩쿠키,,,,
17572,17720,5000,2135,티라미수,,,,
19147,19301,2900,2347,바닐라라떼,,,,
19148,19302,3500,2347,허니자몽블랙에이드,,,,
19149,19303,3500,2347,허니레몬블랙에이드,,,,
19150,19304,3500,2347,허니자몽블랙티,,,,
19151,19305,3500,2347,흑당밀크티,,,,
19152,19306,2900,2347,아샷추,,,,
19153,19307,2900,2347,흑당라떼,,,,
19154,19308,3500,2347,녹차초코라떼,,,,
19155,19309,2900,2347,녹차라떼,,,,
19156,19310,3500,2347,그샷추,,,,
19157,19311,2000,2347,HOT_아메리카노,,,,
19158,19312,2000,2347,ICED_아메리카노,,,,
19159,19313,2500,2347,HOT_아메리카노(설탕),,,,
19160,19314,2500,2347,ICED_아메리카노(설탕),,,,
19161,19315,2500,2347,HOT_아메리카노(헤이즐넛),,,,
19196,19350,6500,2357,햄치즈샌드위치,,,,
19197,19351,7500,2357,에그샌드위치,,,,
19198,19352,7500,2357,핫치킨샌드위치,,,,
19199,19353,7500,2357,크래미샌드위치,,,,
19200,19354,6900,2357,로스트치킨샌드위치,,,,
19201,19355,7900,2357,케이준치킨샌드위치,,,,
19202,19356,8500,2357,베이컨올리브샌드위치,,,,
19203,19357,8500,2357,호밀연어샌드위치,,,,
19204,19358,8500,2357,로스트치킨샐러드,,,,
19205,19359,9500,2357,케이준치킨샐러드,,,,
19206,19360,9500,2357,에그베이컨샐러드,,,,
19207,19361,10900,2357,연어샐러드,,,,
19208,19362,8500,2357,구운가지버섯샐러드,,,,
19209,19363,10900,2357,리코타치즈샐러드,,,,
19210,19364,8900,2357,시그니처파스타샐러드,,,,
19644,19798,4500,2383,초코퍼지프라푸치노,,,,
19645,19799,4500,2383,오레오바닐라,,,,
19646,19800,3500,2383,미숫가루,,,,
19647,19801,4000,2383,오미자차,,,,
19648,19802,3500,2383,투샷 그란데 사이즈 카페라떼,,,,
19649,19803,2500,2383,아메리카노,,,,
19650,19804,4500,2383,블루베리요거트,,,,
19651,19805,4500,2383,죠리퐁바닐라,,,,
19802,19956,4400,2401,레몬아메리카노(ICE),,,,
19803,19957,1000,2401,"스타시티,트리마제,갤러리아포레",,,,
19804,19958,1000,2401,"생각공장,SK V1",,,,
19805,19959,2000,2401,서울숲아크로포레스트,,,,
19806,19960,5000,2401,1L보틀 아메리카노(ICE),,,,
19807,19961,6400,2401,1L보틀 디카페인 아메리카노(ICE),,,,
19808,19962,6500,2401,1L보틀 카페라떼(ICE),,,,
19809,19963,7900,2401,1L보틀 디카페인 카페라떼(ICE),,,,
19810,19964,6900,2401,1L보틀 바닐라라떼(ICE),,,,
19811,19965,3500,2401,자이언트 아메리카노(1리터)(ICE),,,,
19812,19966,5000,2401,자이언트 카페라떼(1리터)(ICE),,,,
19813,19967,5400,2401,자이언트 바닐라라떼(1리터)(ICE),,,,
19814,19968,6300,2401,자이언트 돌체라떼(1리터)(ICE),,,,
19815,19969,4500,2401,자이언트 믹스커피(1리터)(ICE),,,,
19816,19970,4400,2401,연남라떼(ICE),,,,
19817,19971,4400,2401,동교라떼(ICE),,,,
19818,19972,4400,2401,신촌라떼(ICE),,,,
19819,19973,3500,2401,애플시나몬와플,,,,
19820,19974,4000,2401,땅콩죠리퐁와플,,,,
19821,19975,3400,2401,소금빵,,,,
19822,19976,3800,2401,크림소금빵,,,,
19823,19977,2800,2401,아이스슈,,,,
19824,19978,2000,2401,아메리카노(HOT),,,,
19825,19979,2500,2401,아메리카노(ICE),,,,
19826,19980,3200,2401,카페라떼,,,,
19827,19981,3900,2401,바닐라라떼,,,,
19828,19982,3000,2401,플랫화이트,,,,
19829,19983,2700,2401,디카페인 아메리카노(HOT),,,,
19830,19984,3200,2401,디카페인 아메리카노(ICE),,,,
19831,19985,5100,2401,디카페인 레몬아메리카노(ICE),,,,
19832,19986,3700,2401,디카페인 플랫화이트,,,,
19833,19987,3900,2401,디카페인 카페라떼,,,,
19834,19988,3900,2401,콜드브루(ICE),,,,
19835,19989,4300,2401,콜드브루라떼(ICE),,,,
19836,19990,4800,2401,바닐라크림콜드브루라떼(ICE),,,,
19837,19991,4800,2401,돌체콜드브루라떼(ICE),,,,
19838,19992,4200,2401,디카페인 콜드브루(ICE),,,,
19839,19993,4000,2401,딸기라떼(ICE),,,,
19840,19994,4000,2401,오곡라떼,,,,
19841,19995,4300,2401,리얼초코라떼,,,,
19842,19996,4300,2401,민트쿠키라떼,,,,
19843,19997,4000,2401,고구마라떼,,,,
19844,19998,4400,2401,플레인요거스무디(ICE),,,,
19845,19999,4400,2401,딸기요거스무디(ICE),,,,
19846,20000,4400,2401,블루베리요거스무디(ICE),,,,
19847,20001,4400,2401,복숭아요거스무디(ICE),,,,
19848,20002,4800,2401,딸기피치요거스무디(ICE),,,,
19849,20003,4400,2401,리얼초코프라페(ICE),,,,
19850,20004,4500,2401,자바칩프라페(ICE),,,,
19851,20005,4800,2401,딸기스노우프라페(ICE),,,,
19852,20006,4800,2401,딸기크림쿠키프라페(ICE),,,,
19853,20007,4500,2401,쿠키프라페(ICE),,,,
19854,20008,3500,2401,복숭아아이스티(ICE),,,,
19855,20009,4200,2401,피치얼그레이티,,,,
19856,20010,4200,2401,허니자몽블랙티,,,,
19857,20011,4000,2401,유자레몬티,,,,
19858,20012,4000,2401,자몽티,,,,
19859,20013,3500,2401,체리콕(ICE),,,,
19860,20014,4100,2401,레몬에이드(ICE),,,,
19861,20015,4100,2401,블루레몬에이드(ICE),,,,
19862,20016,4100,2401,자몽에이드(ICE),,,,
19863,20017,4100,2401,레몬딸기에이드(ICE),,,,
19943,20097,1500,2405,아메리카노(L 사이즈)TakeOut,,,,
19944,20098,4000,2405,리얼 딸기라떼,,,,
19945,20099,4000,2405,말차 딸기프라페,,,,
19946,20100,3500,2405,수제달고나라떼,,,,
19947,20101,4000,2405,통팥바닐라프라페,,,,
19948,20102,4000,2405,복숭아요거트프라페,,,,
19949,20103,4000,2405,흑당바닐라프라페,,,,
19950,20104,4000,2405,라임 에이드,,,,
20019,20173,1500,2422,아메이카노 H,,,,
20020,20174,2500,2422,헤이즐넛,,,,
20021,20175,2900,2422,카페라떼,,,,
20022,20176,2900,2422,카푸치노,,,,
20477,20649,20000,2505,2021.9월기준,,,,
20478,20650,20000,2505,먹태구이,,,,
20479,20651,15000,2505,해산물떡복이,,,,
20519,20691,27000,2512,무늬오징어사시미,,,,
20520,20692,13000,2512,다랑어타다끼,,,,
20521,20693,17000,2512,청어사시미,,,,
20522,20694,18000,2512,사시미4종,,,,
20523,20695,25000,2512,갑오징어사시미,,,,
20524,20696,40000,2512,우니+단새우,,,,
20525,20697,20000,2512,광어사시미,,,,
20526,20698,20000,2512,잿방어사시미,,,,
20527,20699,20000,2512,아마에비(단새우),,,,
20528,20700,7000,2512,삼배채굴 1개,,,,
20529,20701,7000,2512,슈토아에,,,,
20530,20702,20000,2512,대맛조개스미소,,,,
20546,20718,65000,2515,모둠사시미,,,,
20547,20719,21000,2515,참치타다키,,,,
20548,20720,38000,2515,모둠 고노와다,,,,
20549,20721,22000,2515,문어와사비 사라다,,,,
20550,20722,27000,2515,왕새우 덴뿌라,,,,
20551,20723,18000,2515,키조개 와사비 그라탕,,,,
20552,20724,28000,2515,나가사키 짬뽕탕,,,,
20553,20725,28000,2515,모둠꼬치,,,,
20554,20726,28000,2515,유즈풍 메로구이,,,,
20614,20786,17900,2526,육회바른연어,,,,
20615,20787,12900,2526,육회 한 접시,,,,
20616,20788,13900,2526,육회초밥 12P,,,,
20617,20789,6900,2526,육회덮밥,,,,
20678,20850,13000,2536,계란말이,,,,
20679,20851,10000,2536,치킨,,,,
20680,20852,8000,2536,연어알쌈,,,,
20681,20853,10000,2536,석화,,,,
20682,20854,8000,2536,과일,,,,
20759,20931,27000,2547,모둠전,,,,
20760,20932,17000,2547,혼술모둠전,,,,
20761,20933,22000,2547,한우 육전,,,,
20762,20934,17000,2547,부추전,,,,
20763,20935,19000,2547,두부김치,,,,
20764,20936,17000,2547,계란말이 스팸구이,,,,
20765,20937,17000,2547,명란 버터구이,,,,
20766,20938,17000,2547,튀김 바구니,,,,
20767,20939,17000,2547,국물 떡볶이,,,,
20768,20940,17000,2547,순두부 수제비,,,,
20769,20941,22000,2547,쇠고기(한우)고추장찌개,,,,
20770,20942,19000,2547,"김치찌개(참치,돼지고기)",,,,
20771,20943,19000,2547,오뎅탕,,,,
20772,20944,7000,2547,쥐포,,,,
20773,20945,7000,2547,감자튀김,,,,
20774,20946,17000,2547,먹태,,,,
20775,20947,2000,2547,사이다(캔355m),,,,
20776,20948,2000,2547,콜라(캔355m),,,,
20855,21034,14000,2562,옛날후라이드치킨,,,,
20856,21035,12000,2562,꼬치어묵탕,,,,
20857,21036,22000,2562,닭볶음탕,,,,
20858,21037,20000,2562,우삼겹전골,,,,
20859,21038,18000,2562,한돈삼겹살구이,,,,
20860,21039,18000,2562,골뱅이쫄면,,,,
20861,21040,10000,2562,국물떡볶이와 튀김,,,,
20862,21041,12000,2562,오돌뼈,,,,
20878,21057,29000,2566,치킨과일,,,,
20879,21058,20000,2566,양념치킨,,,,
20880,21059,19000,2566,후라이드치킨,,,,
20881,21060,19000,2566,골뱅이무침,,,,
20882,21061,19000,2566,돈까스샐러드,,,,
20883,21062,15000,2566,모듬튀김,,,,
20884,21063,19000,2566,매콤새콤유린기,,,,
20885,21064,17000,2566,두부짜글이,,,,
22552,22731,9000,2773,쥬만지떡볶이,,,,
22553,22732,9000,2773,트러플감자튀김,,,,
22554,22733,10000,2773,츄러스,,,,
22555,22734,19000,2773,쥬만지파스타,,,,
22556,22735,13000,2773,청어알 두부,,,,
22557,22736,13000,2773,참치김밥,,,,
22587,22766,36000,2777,사시미 플레이트 (1-2인 기준),,,,
22588,22767,66000,2777,사시미 플레이트 (3-4인 기준),,,,
22589,22768,24000,2777,사바보우즈시(한정판매),,,,
22590,22769,23000,2777,후토마끼,,,,
22591,22770,22000,2777,바지락술찜,,,,
22592,22771,28000,2777,육회,,,,
22593,22772,16000,2777,치즈카츠,,,,
22594,22773,22000,2777,모둠튀김,,,,
22595,22774,15000,2777,스시8p,,,,
22596,22775,38000,2777,연어+육회,,,,
22597,22776,18000,2777,이소베마끼,,,,
22598,22777,25000,2777,우삼겹나베,,,,
22599,22778,16000,2777,나메로,,,,
22600,22779,15000,2777,흑임자가라아게,,,,
22601,22780,12000,2777,곶감치즈말이,,,,
22602,22781,40000,2778,갈치+고등어회,,,,
22603,22782,35000,2778,고등어회,,,,
22604,22783,42000,2778,사장님 마음대로(,,,,
22605,22784,35000,2778,꼬막+석화(겨울한정),,,,
22606,22785,25000,2778,돌멍게,,,,
22607,22786,20000,2778,굴전,,,,
22608,22787,35000,2778,모둠물회,,,,
22609,22788,20000,2778,한치 또는 자리돔물회,,,,
22610,22789,18000,2778,자리돔구이(여름한정),,,,
22611,22790,28000,2778,우럭통구이(조리시간30분),,,,
22612,22791,20000,2778,백합탕,,,,
22613,22792,13000,2778,스팸계란전,,,,
22614,22793,25000,2778,한우육회,,,,
22615,22794,30000,2778,왕갈치구이(조리시간30분》,,,,
22616,22795,20000,2778,낙지탕탕이,,,,
22617,22796,28000,2779,살치살 스테이크,,,,
22618,22797,19000,2779,브랏부어스트 화이트 라구,,,,
22619,22798,15000,2779,가지 프로슈토 슈니첼,,,,
22620,22799,12000,2779,대구살 감자 스프레드,,,,
22621,22800,13000,2779,리코타 치즈와 제철 과일,,,,
22622,22801,9000,2779,케이준 프라이즈,,,,
22623,22802,17000,2779,새우 리코타 아라비아따,,,,
22624,22803,22000,2779,코코넛 치킨 볶음면,,,,
22625,22804,14000,2779,해산물 피코살사,,,,
22927,23106,14000,2806,샐러드,,,,
22928,23107,1400,2806,별미,,,,
22929,23108,17000,2806,나베,,,,
22930,23109,14000,2806,구이,,,,
22931,23110,1500,2806,튀김,,,,
22932,23111,7000,2806,식사&사이드,,,,
23843,24028,6900,2910,세계맥주4캔,,,,
23844,24029,7900,2910,세계맥주 4캔,,,,
23845,24030,8900,2910,세계맥주 4 캔,,,,
23846,24031,7000,2910,아잉거 브로바이스,,,,
23847,24032,33000,2909,닭도리탕,,,,
23848,24033,33000,2909,닭볶음,,,,
23849,24034,20000,2909,냄비닭발,,,,
23850,24035,16000,2909,닭발,,,,
23851,24036,16000,2909,똥집,,,,
23852,24037,16000,2909,두부김치,,,,
23853,24038,16000,2909,오돌뼈,,,,
23854,24039,16000,2909,돼지껍데기,,,,
23855,24040,18000,2909,돼지두루치기1인분,,,,
23856,24041,30000,2909,돼지두루치기 2인분,,,,
23937,24122,20000,2925,무애 만둣국,,,,
23938,24123,19000,2925,아발로니버터구이,,,,
23939,24124,15000,2925,포테이토사라다,,,,
23940,24125,17000,2925,가지요리,,,,
23941,24126,20000,2925,나폴리탄 스파게티니,,,,
23942,24127,24000,2925,마파두부(예약메뉴),,,,
24003,24188,25000,2932,닭매운탕,,,,
24004,24189,23000,2932,자양닭수육,,,,
24005,24190,17000,2932,간장돼지불고기,,,,
24006,24191,21000,2932,동해안오징어통찜(2마리),,,,
24007,24192,16000,2932,매운꼬치어묵탕,,,,
24008,24193,15000,2932,편육,,,,
24009,24194,14000,2932,순대볶음,,,,
24010,24195,13000,2932,감자전,,,,
24016,24201,14000,2934,무뼈양념닭발,,,,
24017,24202,18000,2934,무뼈국물닭발,,,,
24018,24203,17000,2934,국물뼈닭발,,,,
24019,24204,18000,2934,콘치즈불닭,,,,
24020,24205,17000,2934,주민즉석떡볶이,,,,
24021,24206,17000,2934,김치돼지구이,,,,
24022,24207,17000,2934,김치찌개(고기.스팸.참치),,,,
24023,24208,17000,2934,고기김치찜,,,,
24024,24209,16000,2934,고기짜파그라탕,,,,
24025,24210,16000,2934,해물짜파그라탕,,,,
24026,24211,15000,2934,먹태,,,,
24027,24212,15000,2934,오돌뼈+주먹밥,,,,
24028,24213,12000,2934,오돌뼈볶음,,,,
24029,24214,14000,2934,촉촉왕노가리,,,,
24030,24215,14000,2934,치즈계란말이,,,,
24053,24238,45000,2940,레드와인,,,,
24054,24239,49000,2940,화이트와인,,,,
24055,24240,49000,2940,스파클링와인,,,,
24056,24241,8000,2940,수입맥주,,,,
24057,24242,10000,2940,하겐다즈 크로플,,,,
24058,24243,18000,2940,멜론&하몽,,,,
24059,24244,20000,2940,소세지&칩스,,,,
24060,24245,24000,2940,치즈플레터,,,,
24061,24246,30000,2940,토마토 카프레제,,,,
24072,24257,45000,2944,쭈꾸미모듬보쌈,,,,
24073,24258,35000,2944,쭈꾸미보쌈,,,,
24074,24259,35000,2944,홍어삼합 중,,,,
24075,24260,17000,2944,굴전,,,,
24076,24261,15000,2944,해물파전,,,,
24077,24262,15000,2944,오징어숙회,,,,
24078,24263,15000,2944,벌교꼬막,,,,
24079,24264,15000,2944,먹태,,,,
24080,24265,16000,2945,아스파라거스,,,,
24081,24266,21000,2945,도미 타르타르,,,,
24082,24267,20000,2945,폴렌타 뇨끼,,,,
24083,24268,21000,2945,초리조파스타,,,,
24084,24269,9000,2945,바노피 타르트,,,,
24085,24270,22000,2945,씨푸드 페스츄리,,,,
24086,24271,31000,2945,덕 브레스트,,,,
24087,24272,15000,2945,파인애플 브리틀,,,,
24088,24273,23000,2946,차돌박이 빼쉐,,,,
24089,24274,17000,2946,트러플 감바스,,,,
24090,24275,21000,2946,토닭토닭 치킨 토마토스튜,,,,
24091,24276,15000,2946,리코타치즈 샐러드,,,,
24092,24277,15000,2946,차돌 샐러드,,,,
24093,24278,16000,2946,치킨 퀘사디야,,,,
24094,24279,17000,2946,뉴욕 버팔로윙,,,,
24095,24280,17000,2946,페퍼로니 피자,,,,
24096,24281,17000,2946,고르곤졸라 피자,,,,
24097,24282,17000,2946,양송이 트러플 피자,,,,
24098,24283,17000,2946,샐러드 피자,,,,
24099,24284,15000,2946,명란 로제 파스타,,,,
24100,24285,15000,2946,까르보나라 파스타,,,,
24101,24286,15000,2946,국물 가득 봉골레 파스타,,,,
24102,24287,15000,2946,팟타이 파스타,,,,
24113,24298,12000,2952,돈가스,,,,
24114,24299,40000,2952,과메기(계절메뉴),,,,
24115,24300,44000,2952,광어회*매운탕,,,,
24116,24301,25000,2952,오징어볶음,,,,
24117,24302,18000,2952,제육두부김치,,,,
24118,24303,20000,2952,도미머리조림,,,,
24119,24304,10000,2952,스팸후라이,,,,
24120,24305,40000,2952,조개탕(계절메뉴),,,,
24121,24306,15000,2952,소*야볶음,,,,
24122,24307,15000,2952,고등어구이,,,,
24123,24308,18000,2952,새우튀김,,,,
24124,24309,10000,2952,대구탕 1인분,,,,
24125,24310,25000,2952,산낙지 3마리,,,,
24190,24375,15000,2967,먹태,,,,
24191,24376,4000,2967,통통노가리,,,,
24192,24377,12000,2967,아빠통닭,,,,
24193,24378,11000,2967,마약핫도그,,,,
24287,24472,44000,2777,사시미 플레이트,,,,
24288,24473,12000,2777,베이컨감자사라다,,,,
24310,24495,19000,3007,할라페뇨 파스타,,,,
24311,24496,19000,3007,토마토 팍시,,,,
24312,24497,16000,3007,부라타치즈황도,,,,
24313,24498,14000,3007,허니감자튀김과 아이스크림,,,,
24314,24499,16000,3007,체리페퍼&모짜렐라,,,,
24315,24500,6000,3007,사이드메뉴: 짜릿한 짜파게티,,,,
24316,24501,35000,3007,와인,,,,
24317,24502,10000,3007,Glass Wine,,,,
24318,24503,14000,3007,핸드릭스 진토닉,,,,
24319,24504,13000,3007,잭다니엘애플 하이볼,,,,
24320,24505,8000,3007,맥주,,,,
24375,24560,6900,3016,노가리(7마리),,,,
24376,24561,14900,3016,후라이드치킨,,,,
24377,24562,13900,3016,바팔로윙&감자,,,,
24378,24563,12900,3016,새우튀김,,,,
24379,24564,11900,3016,굴튀김,,,,
24380,24565,11900,3016,5종 고로케,,,,
24601,24786,7000,3076,도토리묵사발,,,,
24602,24787,5000,3076,쥐포구이,,,,
24603,24788,5000,3076,연유토마토,,,,
24604,24789,4000,3076,얼큰해장라면,,,,
24605,24790,5000,3076,번데기탕,,,,
24686,24885,18000,3096,나가사끼짬뽕탕,,,,
24687,24886,18000,3096,해물누룽지탕,,,,
24688,24887,18000,3096,부대찌개,,,,
24689,24888,17000,3096,돼지고기 김치찌개,,,,
24690,24889,17000,3096,숙주국물닭발(무뼈),,,,
24691,24890,18000,3096,돼지숙주볶음,,,,
24692,24891,16000,3096,국물 떡볶이,,,,
24693,24892,15000,3096,계란말이,,,,
24694,24893,14000,3096,제육볶음,,,,
24695,24894,15000,3096,가라아게 탕수육,,,,
24696,24895,13000,3096,똥집튀김,,,,
24697,24896,10000,3096,닭껍질 튀김,,,,
24698,24897,15000,3096,먹태구이 + 땅콩,,,,
24699,24898,8000,3096,파인샤베트,,,,
24716,24915,18900,3101,치즈플레터,,,,
24717,24916,14900,3101,퀘사디아,,,,
24718,24917,10900,3101,마약옥수수,,,,
24719,24918,8000,3101,감자튀김,,,,
24720,24919,7000,3101,칵테일,,,,
24721,24920,5000,3101,위스키샷,,,,
24722,24921,5000,3101,세계맥주,,,,
24723,24922,35000,3101,와인,,,,
24724,24923,14900,3101,먹태구이,,,,
24725,24924,15900,3101,소세지구이,,,,
24750,24949,14900,3110,고르곤졸라피자,,,,
24751,24950,14900,3110,페파로니피자,,,,
24752,24951,14900,3110,베이컨체다치즈피자,,,,
24753,24952,15900,3110,철판모듬소세지,,,,
24754,24953,14900,3110,후라이드 윙&봉,,,,
24755,24954,8900,3110,감자튀김,,,,
24756,24955,8900,3110,치즈볼&스틱,,,,
24757,24956,14900,3110,순살치킨,,,,
24758,24957,14900,3110,대패삼겹두부김치,,,,
24759,24958,5900,3110,찍먹 치즈나쵸,,,,
24760,24959,15900,3110,감바스알아히요,,,,
24761,24960,11900,3110,에센뽀득소세지,,,,
24762,24961,14900,3110,미니과일4종,,,,
24763,24962,15900,3110,대왕먹태,,,,
24764,24963,9900,3110,파인애플샤베트,,,,
24854,25053,12900,3128,해물치즈떡볶이,,,,
24855,25054,13900,3128,돈가스치즈떡볶이,,,,
24856,25055,12900,3128,오돌뼈+주먹밥,,,,
24857,25056,4900,3128,스팸주먹밥,,,,
24858,25057,11900,3128,돼지김치찌개,,,,
